metric,value
accuracy,0.8251121076233184
roc_auc,0.854778475640808
