model,cv_best_accuracy,test_accuracy
Logistic Regression,0.8368084390079676,0.8251121076233184
KNN,0.8068566939737403,0.7982062780269058
Decision Tree,0.8113791942542925,0.7847533632286996
